Verzoek,Timestamp
Test,2026-03-17 19:30:41.778
potje 23-02-2026 10-5 stefan klinker toevoegen,2026-02-23 15:29:03.639
Test,2026-01-14 12:50:51.781
Test,2026-01-14 12:13:55.353
home aantal wedstrijden wordt niet gefilterd op seizoen,2025-12-18 10:20:01.110
grafiek met gem aantal doelpunten per speler,2025-12-18 10:19:27.386
Controleer klinker bonus,2025-12-11 12:11:35.531
Test,2025-11-28 20:39:09.932
Test,2025-11-28 20:36:49.431
Test,2025-11-27 23:13:26.252
Test,2025-11-27 23:11:36.336
Test,2025-11-27 18:27:28.047
Test,2025-11-27 18:21:15.999
Test,2025-11-27 18:16:38.804
Test,2025-11-27 18:12:59.470
Timestamp werkt niet,2025-11-20 10:39:56.778
test,2025-11-14 13:45:17.498
